INSERT INTO CONTACT_TYPE (ID, NAME) VALUES (1, 'phone');
INSERT INTO CONTACT_TYPE (ID, NAME) VALUES (2, 'e-mail');
INSERT INTO CONTACT_TYPE (ID, NAME) VALUES (3, 'address');

INSERT INTO PERSON (ID, NAME, DATE_OF_BIRTH, PASSWORD) VALUES (1, 'James Newman', '1978-01-01', 1111);
INSERT INTO PERSON (ID, NAME, DATE_OF_BIRTH, PASSWORD) VALUES (2, 'Arnold Brown', '1978-01-01', 2222);
INSERT INTO PERSON (ID, NAME, DATE_OF_BIRTH, PASSWORD) VALUES (3, 'Steve Seaman', '1978-01-01', 3333);

INSERT INTO PERSON_FRIEND (PERSON, FRIEND) VALUES (1, 3);
INSERT INTO PERSON_FRIEND (PERSON, FRIEND) VALUES (2, 3);
INSERT INTO PERSON_FRIEND (PERSON, FRIEND) VALUES (3, 1);
INSERT INTO PERSON_FRIEND (PERSON, FRIEND) VALUES (3, 2);

INSERT INTO CONTACT (ID, CONTACT_TYPE, CONTACT_VALUE) VALUES (1, 1, '555111111');
INSERT INTO CONTACT (ID, CONTACT_TYPE, CONTACT_VALUE) VALUES (2, 2, 'james@gmail.com');
INSERT INTO CONTACT (ID, CONTACT_TYPE, CONTACT_VALUE) VALUES (3, 3, 'Wood St. 1, London');
INSERT INTO CONTACT (ID, CONTACT_TYPE, CONTACT_VALUE) VALUES (4, 1, '555222222');
INSERT INTO CONTACT (ID, CONTACT_TYPE, CONTACT_VALUE) VALUES (5, 2, 'arnold@yahoo.com');
INSERT INTO CONTACT (ID, CONTACT_TYPE, CONTACT_VALUE) VALUES (6, 3, 'Stone St. 2, London');
INSERT INTO CONTACT (ID, CONTACT_TYPE, CONTACT_VALUE) VALUES (7, 1, '555333333');
INSERT INTO CONTACT (ID, CONTACT_TYPE, CONTACT_VALUE) VALUES (8, 2, 'steve@gmail.com');
INSERT INTO CONTACT (ID, CONTACT_TYPE, CONTACT_VALUE) VALUES (9, 3, 'Wind St. 3, London');

INSERT INTO USER_CONTACT (CONTACT, PERSON) VALUES (1, 1);
INSERT INTO USER_CONTACT (CONTACT, PERSON) VALUES (2, 1);
INSERT INTO USER_CONTACT (CONTACT, PERSON) VALUES (3, 1);
INSERT INTO USER_CONTACT (CONTACT, PERSON) VALUES (4, 2);
INSERT INTO USER_CONTACT (CONTACT, PERSON) VALUES (5, 2);
INSERT INTO USER_CONTACT (CONTACT, PERSON) VALUES (6, 2);
INSERT INTO USER_CONTACT (CONTACT, PERSON) VALUES (7, 3);
INSERT INTO USER_CONTACT (CONTACT, PERSON) VALUES (8, 3);
INSERT INTO USER_CONTACT (CONTACT, PERSON) VALUES (9, 3);
